-- Seed data for WSMC Region 5 2026 Regional Contest
-- Based on the 2026 Region 5 WSMC Regional Scoring spreadsheet

-- Contest
INSERT INTO contests (id, region, year, name, contest_chair, regional_director, status)
VALUES ('c1000000-0000-0000-0000-000000000001', 5, 2026, 'Region 5 WSMC Regional', 'Sarah Jenkins', 'Kevin O''Shea', 'setup');

-- Schools (Division 1 = larger/AA-AAAA, Division 2 = smaller)
INSERT INTO schools (id, contest_id, name, short_name, division, coach_name, coach_email) VALUES
  ('s1000000-0000-0000-0000-000000000001', 'c1000000-0000-0000-0000-000000000001', 'Dripping Springs High School', 'DSHS', 1, 'Kevin O''Shea', 'k.oshea@dsisdtx.us'),
  ('s1000000-0000-0000-0000-000000000002', 'c1000000-0000-0000-0000-000000000001', 'Johnson High School', 'JHS', 1, 'David Rodriguez', 'd.rodriguez@hayscisd.net'),
  ('s1000000-0000-0000-0000-000000000003', 'c1000000-0000-0000-0000-000000000001', 'Hays High School', 'HHS', 1, 'Michael Chen', 'm.chen@hayscisd.net'),
  ('s1000000-0000-0000-0000-000000000004', 'c1000000-0000-0000-0000-000000000001', 'Wimberley High School', 'WHS', 2, 'Sarah Jenkins', 's.jenkins@wimberleyisd.edu'),
  ('s1000000-0000-0000-0000-000000000005', 'c1000000-0000-0000-0000-000000000001', 'Canyon Lake High School', 'CLHS', 2, 'Brenda Marshall', 'b.marshall@comalisd.org');

-- Students for Dripping Springs (Division 1)
INSERT INTO students (id, school_id, name, actual_grade, competing_grade, is_knowdown) VALUES
  ('st100000-0000-0000-0000-000000000001', 's1000000-0000-0000-0000-000000000001', 'Alice Wang', 12, 12, 1),
  ('st100000-0000-0000-0000-000000000002', 's1000000-0000-0000-0000-000000000001', 'Brian Foster', 11, 11, 1),
  ('st100000-0000-0000-0000-000000000003', 's1000000-0000-0000-0000-000000000001', 'Chloe Martinez', 10, 10, 1),
  ('st100000-0000-0000-0000-000000000004', 's1000000-0000-0000-0000-000000000001', 'Derek Kim', 9, 9, 0),
  ('st100000-0000-0000-0000-000000000005', 's1000000-0000-0000-0000-000000000001', 'Emma Thompson', 11, 11, 0),
  ('st100000-0000-0000-0000-000000000006', 's1000000-0000-0000-0000-000000000001', 'Frank Liu', 10, 10, 0);

-- Students for Johnson (Division 1)
INSERT INTO students (id, school_id, name, actual_grade, competing_grade, is_knowdown) VALUES
  ('st200000-0000-0000-0000-000000000001', 's1000000-0000-0000-0000-000000000002', 'Fiona Gallagher', 12, 12, 1),
  ('st200000-0000-0000-0000-000000000002', 's1000000-0000-0000-0000-000000000002', 'George Costanza', 11, 11, 1),
  ('st200000-0000-0000-0000-000000000003', 's1000000-0000-0000-0000-000000000002', 'Hannah Lee', 10, 10, 1),
  ('st200000-0000-0000-0000-000000000004', 's1000000-0000-0000-0000-000000000002', 'Isaac Park', 9, 9, 0);

-- Students for Wimberley (Division 2)
INSERT INTO students (id, school_id, name, actual_grade, competing_grade, is_knowdown) VALUES
  ('st300000-0000-0000-0000-000000000001', 's1000000-0000-0000-0000-000000000004', 'Alice Wong', 12, 12, 1),
  ('st300000-0000-0000-0000-000000000002', 's1000000-0000-0000-0000-000000000004', 'Bob Smith', 11, 11, 1),
  ('st300000-0000-0000-0000-000000000003', 's1000000-0000-0000-0000-000000000004', 'Charlie Brown', 10, 10, 1),
  ('st300000-0000-0000-0000-000000000004', 's1000000-0000-0000-0000-000000000004', 'Diana Ross', 9, 9, 0);

-- Teams for Dripping Springs
INSERT INTO teams (id, school_id, contest_type, team_number) VALUES
  ('t1000000-0000-0000-0000-000000000001', 's1000000-0000-0000-0000-000000000001', 'project', 1),
  ('t1000000-0000-0000-0000-000000000002', 's1000000-0000-0000-0000-000000000001', 'team_problem', 1),
  ('t1000000-0000-0000-0000-000000000003', 's1000000-0000-0000-0000-000000000001', 'topical', 1);

-- Teams for Johnson
INSERT INTO teams (id, school_id, contest_type, team_number) VALUES
  ('t2000000-0000-0000-0000-000000000001', 's1000000-0000-0000-0000-000000000002', 'project', 1),
  ('t2000000-0000-0000-0000-000000000002', 's1000000-0000-0000-0000-000000000002', 'team_problem', 1),
  ('t2000000-0000-0000-0000-000000000003', 's1000000-0000-0000-0000-000000000002', 'topical', 1);

-- Teams for Wimberley
INSERT INTO teams (id, school_id, contest_type, team_number) VALUES
  ('t3000000-0000-0000-0000-000000000001', 's1000000-0000-0000-0000-000000000004', 'project', 1),
  ('t3000000-0000-0000-0000-000000000002', 's1000000-0000-0000-0000-000000000004', 'team_problem', 1),
  ('t3000000-0000-0000-0000-000000000003', 's1000000-0000-0000-0000-000000000004', 'topical', 1);

-- Team Members for Dripping Springs Project Team 1 (grades 10, 11, 12)
INSERT INTO team_members (team_id, student_id) VALUES
  ('t1000000-0000-0000-0000-000000000001', 'st100000-0000-0000-0000-000000000001'),
  ('t1000000-0000-0000-0000-000000000001', 'st100000-0000-0000-0000-000000000002'),
  ('t1000000-0000-0000-0000-000000000001', 'st100000-0000-0000-0000-000000000003');

-- Team Members for Dripping Springs Team Problem Team 1
INSERT INTO team_members (team_id, student_id) VALUES
  ('t1000000-0000-0000-0000-000000000002', 'st100000-0000-0000-0000-000000000001'),
  ('t1000000-0000-0000-0000-000000000002', 'st100000-0000-0000-0000-000000000002'),
  ('t1000000-0000-0000-0000-000000000002', 'st100000-0000-0000-0000-000000000003');

-- Team Members for Dripping Springs Topical Team 1
INSERT INTO team_members (team_id, student_id) VALUES
  ('t1000000-0000-0000-0000-000000000003', 'st100000-0000-0000-0000-000000000004'),
  ('t1000000-0000-0000-0000-000000000003', 'st100000-0000-0000-0000-000000000005'),
  ('t1000000-0000-0000-0000-000000000003', 'st100000-0000-0000-0000-000000000006');

-- Team Members for Johnson Project Team 1
INSERT INTO team_members (team_id, student_id) VALUES
  ('t2000000-0000-0000-0000-000000000001', 'st200000-0000-0000-0000-000000000001'),
  ('t2000000-0000-0000-0000-000000000001', 'st200000-0000-0000-0000-000000000002'),
  ('t2000000-0000-0000-0000-000000000001', 'st200000-0000-0000-0000-000000000003');

-- Team Members for Johnson Team Problem Team 1
INSERT INTO team_members (team_id, student_id) VALUES
  ('t2000000-0000-0000-0000-000000000002', 'st200000-0000-0000-0000-000000000001'),
  ('t2000000-0000-0000-0000-000000000002', 'st200000-0000-0000-0000-000000000002'),
  ('t2000000-0000-0000-0000-000000000002', 'st200000-0000-0000-0000-000000000003');

-- Team Members for Wimberley Project Team 1
INSERT INTO team_members (team_id, student_id) VALUES
  ('t3000000-0000-0000-0000-000000000001', 'st300000-0000-0000-0000-000000000001'),
  ('t3000000-0000-0000-0000-000000000001', 'st300000-0000-0000-0000-000000000002'),
  ('t3000000-0000-0000-0000-000000000001', 'st300000-0000-0000-0000-000000000003');

-- Team Members for Wimberley Team Problem Team 1
INSERT INTO team_members (team_id, student_id) VALUES
  ('t3000000-0000-0000-0000-000000000002', 'st300000-0000-0000-0000-000000000001'),
  ('t3000000-0000-0000-0000-000000000002', 'st300000-0000-0000-0000-000000000002'),
  ('t3000000-0000-0000-0000-000000000002', 'st300000-0000-0000-0000-000000000003');

-- Team Members for Wimberley Topical Team 1
INSERT INTO team_members (team_id, student_id) VALUES
  ('t3000000-0000-0000-0000-000000000003', 'st300000-0000-0000-0000-000000000001'),
  ('t3000000-0000-0000-0000-000000000003', 'st300000-0000-0000-0000-000000000002'),
  ('t3000000-0000-0000-0000-000000000003', 'st300000-0000-0000-0000-000000000003');

-- Students for Hays (Division 1)
INSERT INTO students (id, school_id, name, actual_grade, competing_grade, is_knowdown) VALUES
  ('st400000-0000-0000-0000-000000000001', 's1000000-0000-0000-0000-000000000003', 'Liam Chen', 12, 12, 1),
  ('st400000-0000-0000-0000-000000000002', 's1000000-0000-0000-0000-000000000003', 'Maya Patel', 11, 11, 1),
  ('st400000-0000-0000-0000-000000000003', 's1000000-0000-0000-0000-000000000003', 'Noah Garcia', 10, 10, 1),
  ('st400000-0000-0000-0000-000000000004', 's1000000-0000-0000-0000-000000000003', 'Olivia Kim', 9, 9, 0);

-- Students for Canyon Lake (Division 2)
INSERT INTO students (id, school_id, name, actual_grade, competing_grade, is_knowdown) VALUES
  ('st500000-0000-0000-0000-000000000001', 's1000000-0000-0000-0000-000000000005', 'Ethan Moore', 12, 12, 1),
  ('st500000-0000-0000-0000-000000000002', 's1000000-0000-0000-0000-000000000005', 'Sofia Rivera', 11, 11, 1),
  ('st500000-0000-0000-0000-000000000003', 's1000000-0000-0000-0000-000000000005', 'James Taylor', 10, 10, 1),
  ('st500000-0000-0000-0000-000000000004', 's1000000-0000-0000-0000-000000000005', 'Ava Johnson', 9, 9, 0),
  ('st500000-0000-0000-0000-000000000005', 's1000000-0000-0000-0000-000000000005', 'Jack Black', 10, 10, 0),
  ('st500000-0000-0000-0000-000000000006', 's1000000-0000-0000-0000-000000000005', 'Jill Hill', 11, 11, 0),
  ('st500000-0000-0000-0000-000000000007', 's1000000-0000-0000-0000-000000000005', 'Kyle Nile', 12, 12, 0);

-- Teams for Hays
INSERT INTO teams (id, school_id, contest_type, team_number) VALUES
  ('t4000000-0000-0000-0000-000000000001', 's1000000-0000-0000-0000-000000000003', 'project', 1),
  ('t4000000-0000-0000-0000-000000000002', 's1000000-0000-0000-0000-000000000003', 'team_problem', 1),
  ('t4000000-0000-0000-0000-000000000003', 's1000000-0000-0000-0000-000000000003', 'topical', 1);

-- Teams for Canyon Lake
INSERT INTO teams (id, school_id, contest_type, team_number) VALUES
  ('t5000000-0000-0000-0000-000000000001', 's1000000-0000-0000-0000-000000000005', 'project', 1),
  ('t5000000-0000-0000-0000-000000000002', 's1000000-0000-0000-0000-000000000005', 'team_problem', 1),
  ('t5000000-0000-0000-0000-000000000003', 's1000000-0000-0000-0000-000000000005', 'topical', 1);

-- Team Members for Johnson Topical Team 1
INSERT INTO team_members (team_id, student_id) VALUES
  ('t2000000-0000-0000-0000-000000000003', 'st200000-0000-0000-0000-000000000001'),
  ('t2000000-0000-0000-0000-000000000003', 'st200000-0000-0000-0000-000000000002'),
  ('t2000000-0000-0000-0000-000000000003', 'st200000-0000-0000-0000-000000000003');

-- Team Members for Hays Project Team 1
INSERT INTO team_members (team_id, student_id) VALUES
  ('t4000000-0000-0000-0000-000000000001', 'st400000-0000-0000-0000-000000000001'),
  ('t4000000-0000-0000-0000-000000000001', 'st400000-0000-0000-0000-000000000002'),
  ('t4000000-0000-0000-0000-000000000001', 'st400000-0000-0000-0000-000000000003');

-- Team Members for Hays Team Problem Team 1
INSERT INTO team_members (team_id, student_id) VALUES
  ('t4000000-0000-0000-0000-000000000002', 'st400000-0000-0000-0000-000000000001'),
  ('t4000000-0000-0000-0000-000000000002', 'st400000-0000-0000-0000-000000000002'),
  ('t4000000-0000-0000-0000-000000000002', 'st400000-0000-0000-0000-000000000003');

-- Team Members for Hays Topical Team 1
INSERT INTO team_members (team_id, student_id) VALUES
  ('t4000000-0000-0000-0000-000000000003', 'st400000-0000-0000-0000-000000000001'),
  ('t4000000-0000-0000-0000-000000000003', 'st400000-0000-0000-0000-000000000002'),
  ('t4000000-0000-0000-0000-000000000003', 'st400000-0000-0000-0000-000000000003');

-- Team Members for Canyon Lake Project Team 1
INSERT INTO team_members (team_id, student_id) VALUES
  ('t5000000-0000-0000-0000-000000000001', 'st500000-0000-0000-0000-000000000001'),
  ('t5000000-0000-0000-0000-000000000001', 'st500000-0000-0000-0000-000000000002'),
  ('t5000000-0000-0000-0000-000000000001', 'st500000-0000-0000-0000-000000000003');

-- Team Members for Canyon Lake Team Problem Team 1
INSERT INTO team_members (team_id, student_id) VALUES
  ('t5000000-0000-0000-0000-000000000002', 'st500000-0000-0000-0000-000000000001'),
  ('t5000000-0000-0000-0000-000000000002', 'st500000-0000-0000-0000-000000000002'),
  ('t5000000-0000-0000-0000-000000000002', 'st500000-0000-0000-0000-000000000003');

-- Team Members for Canyon Lake Topical Team 1
INSERT INTO team_members (team_id, student_id) VALUES
  ('t5000000-0000-0000-0000-000000000003', 'st500000-0000-0000-0000-000000000001'),
  ('t5000000-0000-0000-0000-000000000003', 'st500000-0000-0000-0000-000000000002'),
  ('t5000000-0000-0000-0000-000000000003', 'st500000-0000-0000-0000-000000000003');

-- ═══════════════════════════════════════════════════════
-- SCORES
-- ═══════════════════════════════════════════════════════

-- Project Scores
-- Div 1: DSHS 53.5, JHS 50.0, HHS 48.5
-- Div 2: WHS 51.0, CLHS 46.0
INSERT INTO project_scores (team_id, score) VALUES
  ('t1000000-0000-0000-0000-000000000001', 53.5),
  ('t2000000-0000-0000-0000-000000000001', 50.0),
  ('t4000000-0000-0000-0000-000000000001', 48.5),
  ('t3000000-0000-0000-0000-000000000001', 51.0),
  ('t5000000-0000-0000-0000-000000000001', 46.0);

-- Team Problem Scores
-- Div 1: DSHS 23, JHS 18, HHS 21
-- Div 2: WHS 20, CLHS 15
INSERT INTO team_problem_scores (team_id, score) VALUES
  ('t1000000-0000-0000-0000-000000000002', 23),
  ('t2000000-0000-0000-0000-000000000002', 18),
  ('t4000000-0000-0000-0000-000000000002', 21),
  ('t3000000-0000-0000-0000-000000000002', 20),
  ('t5000000-0000-0000-0000-000000000002', 15);

-- Topical Team Scores (Part 1 out of 75, Part 2 out of 75)
-- Div 1: DSHS 62+58=120, JHS 55+60=115, HHS 50+52=102
-- Div 2: WHS 58+55=113, CLHS 45+48=93
INSERT INTO topical_team_scores (team_id, part1, part2) VALUES
  ('t1000000-0000-0000-0000-000000000003', 62, 58),
  ('t2000000-0000-0000-0000-000000000003', 55, 60),
  ('t4000000-0000-0000-0000-000000000003', 50, 52),
  ('t3000000-0000-0000-0000-000000000003', 58, 55),
  ('t5000000-0000-0000-0000-000000000003', 45, 48);

-- Topical Individual Scores
INSERT INTO topical_individual_scores (student_id, part1, part2) VALUES
  ('st100000-0000-0000-0000-000000000001', 72, 70), -- Alice Wang (gr12) -> 142 (1st)
  ('st500000-0000-0000-0000-000000000007', 70, 68), -- Kyle Nile (gr12) -> 138 (2nd)
  ('st200000-0000-0000-0000-000000000001', 65, 65), -- Fiona Gallagher (gr12, not on team) -> 130 (3rd)
  ('st500000-0000-0000-0000-000000000006', 60, 62), -- Jill Hill (gr11) -> 122 (Distinguished Jr)
  ('st500000-0000-0000-0000-000000000005', 58, 55), -- Jack Black (gr10) -> 113 (Distinguished Soph)
  ('st300000-0000-0000-0000-000000000004', 55, 50), -- Diana Ross (gr9) -> 105 (Distinguished Fr)
  ('st100000-0000-0000-0000-000000000002', 50, 48), -- Brian Foster (gr11) -> 98
  ('st100000-0000-0000-0000-000000000003', 45, 45), -- Chloe Martinez (gr10) -> 90
  ('st200000-0000-0000-0000-000000000004', 40, 42), -- Isaac Park (gr9) -> 82
  ('st400000-0000-0000-0000-000000000004', 38, 35), -- Olivia Kim (gr9) -> 73
  ('st500000-0000-0000-0000-000000000004', 35, 30); -- Ava Johnson (gr9) -> 65

-- Knowdown Results (cross-division, single bracket)
-- 1st: Alice Wang (DSHS), 2nd: Fiona Gallagher (JHS), 3rd: Alice Wong (WHS), 4th: Liam Chen (HHS)
INSERT INTO knowdown_results (contest_id, place, student_id) VALUES
  ('c1000000-0000-0000-0000-000000000001', 1, 'st100000-0000-0000-0000-000000000001'),
  ('c1000000-0000-0000-0000-000000000001', 2, 'st200000-0000-0000-0000-000000000001'),
  ('c1000000-0000-0000-0000-000000000001', 3, 'st300000-0000-0000-0000-000000000001'),
  ('c1000000-0000-0000-0000-000000000001', 4, 'st400000-0000-0000-0000-000000000001');
